patient_id,first_name,last_name,session_date,region,hair_density_hairs_cm2,hair_thickness_um,hair_type
P-CONTAM-01,Test,P-CONTAM-01,2026-01-01,Vertex,100,50,Terminal
P-CONTAM-01,Test,P-CONTAM-01,2026-01-15,Vertex,101,50,Terminal
P-CONTAM-01,Test,P-CONTAM-01,2026-01-29,Vertex,99,50,Terminal
P-CONTAM-01,Test,P-CONTAM-01,2026-02-12,Vertex,100,50,Terminal
P-CONTAM-01,Test,P-CONTAM-01,2026-02-26,Vertex,150,50,Terminal
P-CONTAM-01,Test,P-CONTAM-01,2026-03-12,Vertex,99,50,Terminal
P-CONTAM-01,Test,P-CONTAM-01,2026-03-26,Vertex,100,50,Terminal
P-CONTAM-01,Test,P-CONTAM-01,2026-04-09,Vertex,101,50,Terminal
P-CONTAM-01,Test,P-CONTAM-01,2026-04-23,Vertex,112,50,Terminal
